id,unit_id,timestamp,timestamp_start,timestamp_end,car_id,car_arm,rfid_tag
88,004500483138511230343432,2025-07-14 06:27:19.500000,2025-07-14 06:27:09,2025-07-14 06:27:30,102,L,X6ZAEZ001924
89,004500483138511230343432,2025-07-14 06:27:49.500000,2025-07-14 06:27:42,2025-07-14 06:27:57,102,L,X6ZAEZ000047
91,004500483138511230343432,2025-07-14 06:32:49.500000,2025-07-14 06:32:39,2025-07-14 06:33:00,102,L,X6ZAEZ001505
92,004500483138511230343432,2025-07-14 06:33:36.500000,2025-07-14 06:33:13,2025-07-14 06:34:00,102,L,X6ZAEZ002446
93,004500483138511230343432,2025-07-14 06:39:06,2025-07-14 06:39:00,2025-07-14 06:39:12,102,L,X6ZACZ001605
96,004500483138511230343432,2025-07-14 06:40:34,2025-07-14 06:40:21,2025-07-14 06:40:47,102,L,X6ZADZ001139
99,004500483138511230343432,2025-07-14 06:48:56,2025-07-14 06:48:47,2025-07-14 06:49:05,102,L,X6ZAEZ002164
100,004500483138511230343432,2025-07-14 06:49:26.500000,2025-07-14 06:49:13,2025-07-14 06:49:40,102,L,X6ZAEZ002117
102,004500483138511230343432,2025-07-14 06:55:13,2025-07-14 06:55:08,2025-07-14 06:55:18,102,L,X6ZABZ005492
104,004500483138511230343432,2025-07-14 06:58:31,2025-07-14 06:58:24,2025-07-14 06:58:38,102,L,X6ZAEZ001475
105,004500483138511230343432,2025-07-14 06:58:57,2025-07-14 06:58:46,2025-07-14 06:59:08,102,L,X6ZAEZ002495
245,004500483138511230343432,2025-07-14 07:00:51,2025-07-14 07:00:41,2025-07-14 07:01:01,102,L,X6ZAEZ002321
246,004500483138511230343432,2025-07-14 07:01:25,2025-07-14 07:01:12,2025-07-14 07:01:38,102,L,X6ZAEZ002398
247,004500483138511230343432,2025-07-14 07:02:47.500000,2025-07-14 07:02:34,2025-07-14 07:03:01,102,L,X6ZAEZ002375
248,004500483138511230343432,2025-07-14 07:03:14.500000,2025-07-14 07:03:09,2025-07-14 07:03:20,102,L,X6ZAEZ002198
249,004500483138511230343432,2025-07-14 07:04:09.500000,2025-07-14 07:03:59,2025-07-14 07:04:20,102,L,X6ZAEZ002462
250,004500483138511230343432,2025-07-14 07:04:35,2025-07-14 07:04:28,2025-07-14 07:04:42,102,L,X6ZAEZ002212
251,004500483138511230343432,2025-07-14 07:05:57.500000,2025-07-14 07:05:43,2025-07-14 07:06:12,102,L,X6ZAEZ002203
252,004500483138511230343432,2025-07-14 07:06:28.500000,2025-07-14 07:06:19,2025-07-14 07:06:38,102,L,X6ZAEZ001027
253,004500483138511230343432,2025-07-14 07:07:03.500000,2025-07-14 07:06:50,2025-07-14 07:07:17,102,L,X6ZAEZ002349
255,004500483138511230343432,2025-07-14 07:12:27,2025-07-14 07:12:16,2025-07-14 07:12:38,102,L,X6ZAEZ002581
257,004500483138511230343432,2025-07-14 07:13:18,2025-07-14 07:13:13,2025-07-14 07:13:23,102,L,X6ZAEZ001381
258,004500483138511230343432,2025-07-14 07:13:45.500000,2025-07-14 07:13:34,2025-07-14 07:13:57,102,L,X6ZABZ005989
261,004500483138511230343432,2025-07-14 07:14:41.500000,2025-07-14 07:14:37,2025-07-14 07:14:46,102,L,X6ZADZ001317
262,004500483138511230343432,2025-07-14 07:15:28,2025-07-14 07:15:17,2025-07-14 07:15:39,102,L,X6ZAEZ002657
266,004500483138511230343432,2025-07-14 07:18:49,2025-07-14 07:18:45,2025-07-14 07:18:53,102,L,X6ZABZ005178
267,004500483138511230343432,2025-07-14 07:19:37,2025-07-14 07:19:27,2025-07-14 07:19:47,102,L,X6ZAEZ002367
268,004500483138511230343432,2025-07-14 07:20:00,2025-07-14 07:19:55,2025-07-14 07:20:05,102,L,X6ZAEZ002204
269,004500483138511230343432,2025-07-14 07:20:24.500000,2025-07-14 07:20:17,2025-07-14 07:20:32,102,L,X6ZAEZ002315
270,004500483138511230343432,2025-07-14 07:21:38.500000,2025-07-14 07:21:31,2025-07-14 07:21:46,102,L,X6ZAEZ002465
271,004500483138511230343432,2025-07-14 07:22:02,2025-07-14 07:21:55,2025-07-14 07:22:09,102,L,X6ZAEZ002294
272,004500483138511230343432,2025-07-14 07:22:20,2025-07-14 07:22:14,2025-07-14 07:22:26,102,L,X6ZAEZ002410
273,004500483138511230343432,2025-07-14 07:22:40,2025-07-14 07:22:34,2025-07-14 07:22:46,102,L,X6ZAEZ002324
274,004500483138511230343432,2025-07-14 07:23:21,2025-07-14 07:23:14,2025-07-14 07:23:28,102,L,X6ZAEZ002469
275,004500483138511230343432,2025-07-14 07:23:41.500000,2025-07-14 07:23:35,2025-07-14 07:23:48,102,L,X6ZAEZ002401
276,004500483138511230343432,2025-07-14 07:24:04.500000,2025-07-14 07:23:53,2025-07-14 07:24:16,102,L,X6ZAEZ002357
277,004500483138511230343432,2025-07-14 07:25:15,2025-07-14 07:25:05,2025-07-14 07:25:25,102,L,X6ZAEZ002403
278,004500483138511230343432,2025-07-14 07:26:10.500000,2025-07-14 07:26:06,2025-07-14 07:26:15,102,L,X6ZABZ000457
280,004500483138511230343432,2025-07-14 07:27:01.500000,2025-07-14 07:26:57,2025-07-14 07:27:06,102,L,X6ZABZ004198
286,004500483138511230343432,2025-07-14 07:30:26.500000,2025-07-14 07:30:22,2025-07-14 07:30:31,102,L,X6ZABZ005131
0,004500483138511230343432,2025-07-14 07:43:45,2025-07-14 07:43:39,2025-07-14 07:43:51,102,L,X6ZAEZ002395
1,004500483138511230343432,2025-07-14 07:44:10.500000,2025-07-14 07:43:58,2025-07-14 07:44:23,102,L,X6ZAEZ002414
2,004500483138511230343432,2025-07-14 07:44:38,2025-07-14 07:44:32,2025-07-14 07:44:44,102,L,X6ZAEZ002355
3,004500483138511230343432,2025-07-14 07:45:35,2025-07-14 07:45:28,2025-07-14 07:45:42,102,L,X6ZAKZ000055
4,004500483138511230343432,2025-07-14 07:46:19,2025-07-14 07:46:09,2025-07-14 07:46:29,102,L,X6ZABZ005144
9,004500483138511230343432,2025-07-14 07:49:31,2025-07-14 07:49:20,2025-07-14 07:49:42,102,L,X6ZAEZ002191
10,004500483138511230343432,2025-07-14 07:49:53,2025-07-14 07:49:48,2025-07-14 07:49:58,102,L,X6ZAEZ002322
11,004500483138511230343432,2025-07-14 07:51:05.500000,2025-07-14 07:50:57,2025-07-14 07:51:14,102,L,X6ZAEZ001335
12,004500483138511230343432,2025-07-14 07:51:28.500000,2025-07-14 07:51:22,2025-07-14 07:51:35,102,L,X6ZADZ001275
14,004500483138511230343432,2025-07-14 07:53:19.500000,2025-07-14 07:53:06,2025-07-14 07:53:33,102,L,X6ZAEZ001333
15,004500483138511230343432,2025-07-14 07:53:45.500000,2025-07-14 07:53:38,2025-07-14 07:53:53,102,L,X6ZAEZ001334
19,004500483138511230343432,2025-07-14 07:57:13.500000,2025-07-14 07:57:08,2025-07-14 07:57:19,102,L,X6ZABZ005552
21,004500483138511230343432,2025-07-14 07:57:49.500000,2025-07-14 07:57:39,2025-07-14 07:58:00,102,L,X6ZABZ005161
22,004500483138511230343432,2025-07-14 07:58:45,2025-07-14 07:58:40,2025-07-14 07:58:50,102,L,X6ZABZ002298
24,004500483138511230343432,2025-07-14 08:00:30,2025-07-14 08:00:20,2025-07-14 08:00:40,102,L,X6ZAEZ002314
25,004500483138511230343432,2025-07-14 08:00:58,2025-07-14 08:00:52,2025-07-14 08:01:04,102,L,X6ZAEZ002444
26,004500483138511230343432,2025-07-14 08:01:25,2025-07-14 08:01:15,2025-07-14 08:01:35,102,L,X6ZAEZ000008
29,004500483138511230343432,2025-07-14 08:04:56.500000,2025-07-14 08:04:37,2025-07-14 08:05:16,102,L,X6ZAEZ002301
30,004500483138511230343432,2025-07-14 08:05:55.500000,2025-07-14 08:05:50,2025-07-14 08:06:01,102,L,X6ZAEZ002437
32,004500483138511230343432,2025-07-14 08:07:25,2025-07-14 08:07:21,2025-07-14 08:07:29,102,L,X6ZABZ005540
34,004500483138511230343432,2025-07-14 08:07:55,2025-07-14 08:07:51,2025-07-14 08:07:59,102,L,X6ZABZ005138
35,004500483138511230343432,2025-07-14 08:08:58.500000,2025-07-14 08:08:54,2025-07-14 08:09:03,102,L,X6ZABZ005502
37,004500483138511230343432,2025-07-14 08:12:47,2025-07-14 08:12:42,2025-07-14 08:12:52,102,L,X6ZAEO000009
38,004500483138511230343432,2025-07-14 08:14:44,2025-07-14 08:14:33,2025-07-14 08:14:55,102,L,X6ZAEO000014
39,004500483138511230343432,2025-07-14 08:15:17.500000,2025-07-14 08:15:06,2025-07-14 08:15:29,102,L,X6ZAEO000006
40,004500483138511230343432,2025-07-14 08:15:42,2025-07-14 08:15:36,2025-07-14 08:15:48,102,L,X6ZAEO000017
41,004500483138511230343432,2025-07-14 08:16:10,2025-07-14 08:15:58,2025-07-14 08:16:22,102,L,X6ZAEO000011
42,004500483138511230343432,2025-07-14 08:18:41.500000,2025-07-14 08:18:37,2025-07-14 08:18:46,102,L,X6ZAKZ000047
48,004500483138511230343432,2025-07-14 08:21:56,2025-07-14 08:21:51,2025-07-14 08:22:01,102,L,X6ZADZ001060
49,004500483138511230343432,2025-07-14 08:26:42,2025-07-14 08:26:30,2025-07-14 08:26:54,102,L,X6ZAEZ002476
50,004500483138511230343432,2025-07-14 08:27:19.500000,2025-07-14 08:27:14,2025-07-14 08:27:25,102,L,X6ZAEZ002352
51,004500483138511230343432,2025-07-14 08:30:06.500000,2025-07-14 08:30:01,2025-07-14 08:30:12,102,L,X6ZAEZ002327
52,004500483138511230343432,2025-07-14 08:30:33.500000,2025-07-14 08:30:28,2025-07-14 08:30:39,102,L,X6ZAEZ002385
53,004500483138511230343432,2025-07-14 08:30:54.500000,2025-07-14 08:30:49,2025-07-14 08:31:00,102,L,X6ZAEZ002436
54,004500483138511230343432,2025-07-14 08:31:15.500000,2025-07-14 08:31:10,2025-07-14 08:31:21,102,L,X6ZAEZ002346
55,004500483138511230343432,2025-07-14 08:33:06.500000,2025-07-14 08:33:01,2025-07-14 08:33:12,102,L,X6ZAEZ002182
56,004500483138511230343432,2025-07-14 08:33:23,2025-07-14 08:33:18,2025-07-14 08:33:28,102,L,X6ZAEZ002739
57,004500483138511230343432,2025-07-14 08:34:33,2025-07-14 08:34:27,2025-07-14 08:34:39,102,L,X6ZAEZ002159
58,004500483138511230343432,2025-07-14 08:35:55,2025-07-14 08:35:45,2025-07-14 08:36:05,102,L,X6ZAEZ002157
60,004500483138511230343432,2025-07-14 08:37:45,2025-07-14 08:37:39,2025-07-14 08:37:51,102,L,X6ZAEZ002669
61,004500483138511230343432,2025-07-14 08:38:15.500000,2025-07-14 08:38:09,2025-07-14 08:38:22,102,L,X6ZAEZ002492
62,004500483138511230343432,2025-07-14 08:38:48,2025-07-14 08:38:41,2025-07-14 08:38:55,102,L,X6ZAEZ002482
63,004500483138511230343432,2025-07-14 08:39:39.500000,2025-07-14 08:39:29,2025-07-14 08:39:50,102,L,X6ZAEZ002330
64,004500483138511230343432,2025-07-14 08:41:16.500000,2025-07-14 08:41:10,2025-07-14 08:41:23,102,L,X6ZAEZ002332
65,004500483138511230343432,2025-07-14 08:41:35,2025-07-14 08:41:29,2025-07-14 08:41:41,102,L,X6ZAEZ002496
66,004500483138511230343432,2025-07-14 08:42:45,2025-07-14 08:42:36,2025-07-14 08:42:54,102,L,X6ZAEZ002274
67,004500483138511230343432,2025-07-14 08:43:46,2025-07-14 08:43:37,2025-07-14 08:43:55,102,L,X6ZAEZ002455
68,004500483138511230343432,2025-07-14 08:44:06.500000,2025-07-14 08:44:01,2025-07-14 08:44:12,102,L,X6ZAEZ002156
69,004500483138511230343432,2025-07-14 08:45:46,2025-07-14 08:45:40,2025-07-14 08:45:52,102,L,X6ZAEZ002461
70,004500483138511230343432,2025-07-14 08:46:03.500000,2025-07-14 08:45:58,2025-07-14 08:46:09,102,L,X6ZAEZ002247
71,004500483138511230343432,2025-07-14 08:46:45,2025-07-14 08:46:39,2025-07-14 08:46:51,102,L,X6ZAEZ002304
73,004500483138511230343432,2025-07-14 08:48:31,2025-07-14 08:48:22,2025-07-14 08:48:40,102,L,X6ZAEZ002409
74,004500483138511230343432,2025-07-14 08:48:54,2025-07-14 08:48:48,2025-07-14 08:49:00,102,L,X6ZAEZ002347
75,004500483138511230343432,2025-07-14 08:49:12.500000,2025-07-14 08:49:07,2025-07-14 08:49:18,102,L,X6ZAEZ002335
76,004500483138511230343432,2025-07-14 08:50:43.500000,2025-07-14 08:50:37,2025-07-14 08:50:50,102,L,X6ZAEZ002270
77,004500483138511230343432,2025-07-14 08:51:08,2025-07-14 08:51:02,2025-07-14 08:51:14,102,L,X6ZAEZ000021
78,004500483138511230343432,2025-07-14 08:51:44,2025-07-14 08:51:38,2025-07-14 08:51:50,102,L,X6ZAEZ002183
79,004500483138511230343432,2025-07-14 08:52:31,2025-07-14 08:52:19,2025-07-14 08:52:43,102,L,X6ZAEZ000911
80,004500483138511230343432,2025-07-14 08:53:27,2025-07-14 08:53:22,2025-07-14 08:53:32,102,L,X6ZAEZ002497
81,004500483138511230343432,2025-07-14 08:54:50.500000,2025-07-14 08:54:39,2025-07-14 08:55:02,102,L,X6ZAEZ002170
82,004500483138511230343432,2025-07-14 08:56:14,2025-07-14 08:56:06,2025-07-14 08:56:22,102,L,X6ZAEZ002129
84,004500483138511230343432,2025-07-14 08:56:46.500000,2025-07-14 08:56:37,2025-07-14 08:56:56,102,L,X6ZAEZ002313
86,004500483138511230343432,2025-07-14 08:58:17.500000,2025-07-14 08:58:12,2025-07-14 08:58:23,102,L,X6ZAEZ002317
87,004500483138511230343432,2025-07-14 08:59:53.500000,2025-07-14 08:59:42,2025-07-14 09:00:05,102,L,X6ZAEZ002487
106,004500483138511230343432,2025-07-14 09:01:06.500000,2025-07-14 09:01:00,2025-07-14 09:01:13,102,L,X6ZAEZ002302
107,004500483138511230343432,2025-07-14 09:01:55.500000,2025-07-14 09:01:31,2025-07-14 09:02:20,102,L,X6ZAEZ002360
110,004500483138511230343432,2025-07-14 09:05:14,2025-07-14 09:05:10,2025-07-14 09:05:18,102,L,X6ZADZ001354
111,004500483138511230343432,2025-07-14 09:05:51,2025-07-14 09:05:45,2025-07-14 09:05:57,102,L,X6ZAEZ002438
112,004500483138511230343432,2025-07-14 09:06:14.500000,2025-07-14 09:06:08,2025-07-14 09:06:21,102,L,X6ZAEZ002325
113,004500483138511230343432,2025-07-14 09:06:37,2025-07-14 09:06:31,2025-07-14 09:06:43,102,L,X6ZAKZ000035
114,004500483138511230343432,2025-07-14 09:07:35.500000,2025-07-14 09:07:30,2025-07-14 09:07:41,102,L,X6ZAEZ001560
115,004500483138511230343432,2025-07-14 09:08:05,2025-07-14 09:07:53,2025-07-14 09:08:17,102,L,X6ZAEZ002432
117,004500483138511230343432,2025-07-14 09:09:28.500000,2025-07-14 09:09:22,2025-07-14 09:09:35,102,L,X6ZAEZ001567
119,004500483138511230343432,2025-07-14 09:13:06.500000,2025-07-14 09:13:02,2025-07-14 09:13:11,102,L,X6ZADZ000928
120,004500483138511230343432,2025-07-14 09:13:28,2025-07-14 09:13:22,2025-07-14 09:13:34,102,L,X6ZAEZ000922
122,004500483138511230343432,2025-07-14 09:15:03.500000,2025-07-14 09:14:59,2025-07-14 09:15:08,102,L,X6ZACZ000930
124,004500483138511230343432,2025-07-14 09:16:13,2025-07-14 09:16:08,2025-07-14 09:16:18,102,L,X6ZAFZ000662
125,004500483138511230343432,2025-07-14 09:16:54,2025-07-14 09:16:49,2025-07-14 09:16:59,102,L,X6ZACZ001667
126,004500483138511230343432,2025-07-14 09:17:10,2025-07-14 09:17:05,2025-07-14 09:17:15,102,L,X6ZABZ005124
127,004500483138511230343432,2025-07-14 09:17:32,2025-07-14 09:17:26,2025-07-14 09:17:38,102,L,X6ZABZ005707
129,004500483138511230343432,2025-07-14 09:18:52,2025-07-14 09:18:34,2025-07-14 09:19:10,102,L,X6ZAEZ002499
130,004500483138511230343432,2025-07-14 09:20:06.500000,2025-07-14 09:20:00,2025-07-14 09:20:13,102,L,X6ZAEZ002766
131,004500483138511230343432,2025-07-14 09:21:11,2025-07-14 09:21:06,2025-07-14 09:21:16,102,L,X6ZAEZ000940
132,004500483138511230343432,2025-07-14 09:21:42.500000,2025-07-14 09:21:34,2025-07-14 09:21:51,102,L,X6ZABZ005593
134,004500483138511230343432,2025-07-14 09:22:44.500000,2025-07-14 09:22:39,2025-07-14 09:22:50,102,L,X6ZACZ000147
135,004500483138511230343432,2025-07-14 09:23:14,2025-07-14 09:23:03,2025-07-14 09:23:25,102,L,X6ZAFZ000649
136,004500483138511230343432,2025-07-14 09:23:46,2025-07-14 09:23:39,2025-07-14 09:23:53,102,L,X6ZABZ005292
138,004500483138511230343432,2025-07-14 09:24:21.500000,2025-07-14 09:24:17,2025-07-14 09:24:26,102,L,X6ZADZ000894
140,004500483138511230343432,2025-07-14 09:25:26.500000,2025-07-14 09:25:21,2025-07-14 09:25:32,102,L,X6ZAEZ000942
141,004500483138511230343432,2025-07-14 09:26:24,2025-07-14 09:26:18,2025-07-14 09:26:30,102,L,X6ZAEZ002379
142,004500483138511230343432,2025-07-14 09:26:42,2025-07-14 09:26:36,2025-07-14 09:26:48,102,L,X6ZAEZ002309
144,004500483138511230343432,2025-07-14 09:27:16,2025-07-14 09:27:10,2025-07-14 09:27:22,102,L,X6ZABZ006744
146,004500483138511230343432,2025-07-14 09:27:58,2025-07-14 09:27:53,2025-07-14 09:28:03,102,L,X6ZABZ006558
148,004500483138511230343432,2025-07-14 09:28:25.500000,2025-07-14 09:28:21,2025-07-14 09:28:30,102,L,X6ZACZ000717
151,004500483138511230343432,2025-07-14 09:30:37,2025-07-14 09:30:33,2025-07-14 09:30:41,102,L,X6ZADZ000927
154,004500483138511230343432,2025-07-14 09:31:03,2025-07-14 09:30:59,2025-07-14 09:31:07,102,L,X6ZADZ000924
156,004500483138511230343432,2025-07-14 09:31:35,2025-07-14 09:31:31,2025-07-14 09:31:39,102,L,X6ZABZ005576
158,004500483138511230343432,2025-07-14 09:34:12.500000,2025-07-14 09:34:07,2025-07-14 09:34:18,102,L,X6ZAKZ000028
159,004500483138511230343432,2025-07-14 09:34:29.500000,2025-07-14 09:34:23,2025-07-14 09:34:36,102,L,X6ZAEZ001534
160,004500483138511230343432,2025-07-14 09:35:08,2025-07-14 09:35:02,2025-07-14 09:35:14,102,L,X6ZAEZ002381
161,004500483138511230343432,2025-07-14 09:35:44,2025-07-14 09:35:40,2025-07-14 09:35:48,102,L,X6ZADZ000912
162,004500483138511230343432,2025-07-14 09:36:17,2025-07-14 09:36:13,2025-07-14 09:36:21,102,L,X6ZADZ000915
164,004500483138511230343432,2025-07-14 09:37:33.500000,2025-07-14 09:37:22,2025-07-14 09:37:45,102,L,X6ZAEZ002431
167,004500483138511230343432,2025-07-14 09:39:10,2025-07-14 09:39:06,2025-07-14 09:39:14,102,L,X6ZADZ000973
168,004500483138511230343432,2025-07-14 09:39:24.500000,2025-07-14 09:39:20,2025-07-14 09:39:29,102,L,X6ZADZ000983
170,004500483138511230343432,2025-07-14 09:39:45.500000,2025-07-14 09:39:40,2025-07-14 09:39:51,102,L,X6ZAEZ000934
171,004500483138511230343432,2025-07-14 09:40:07.500000,2025-07-14 09:40:02,2025-07-14 09:40:13,102,L,X6ZAEZ001559
172,004500483138511230343432,2025-07-14 09:40:52,2025-07-14 09:40:48,2025-07-14 09:40:56,102,L,X6ZAEZ001500
174,004500483138511230343432,2025-07-14 09:41:35.500000,2025-07-14 09:41:31,2025-07-14 09:41:40,102,L,X6ZABZ005291
176,004500483138511230343432,2025-07-14 09:41:52,2025-07-14 09:41:46,2025-07-14 09:41:58,102,L,X6ZABZ005317
179,004500483138511230343432,2025-07-14 09:42:58.500000,2025-07-14 09:42:53,2025-07-14 09:43:04,102,L,X6ZAEZ002423
180,004500483138511230343432,2025-07-14 09:43:26,2025-07-14 09:43:20,2025-07-14 09:43:32,102,L,X6ZAEZ001547
181,004500483138511230343432,2025-07-14 09:44:21,2025-07-14 09:44:17,2025-07-14 09:44:25,102,L,X6ZADZ001390
182,004500483138511230343432,2025-07-14 09:45:01.500000,2025-07-14 09:44:56,2025-07-14 09:45:07,102,L,X6ZAEZ001580
183,004500483138511230343432,2025-07-14 09:45:42.500000,2025-07-14 09:45:38,2025-07-14 09:45:47,102,L,X6ZAEZ001506
184,004500483138511230343432,2025-07-14 09:46:27,2025-07-14 09:46:16,2025-07-14 09:46:38,102,L,X6ZAEZ001545
185,004500483138511230343432,2025-07-14 09:47:23,2025-07-14 09:47:18,2025-07-14 09:47:28,102,L,X6ZADZ001435
187,004500483138511230343432,2025-07-14 09:47:59.500000,2025-07-14 09:47:54,2025-07-14 09:48:05,102,L,X6ZAKZ000040
188,004500483138511230343432,2025-07-14 09:48:58.500000,2025-07-14 09:48:34,2025-07-14 09:49:23,102,L,X6ZAEZ001573
189,004500483138511230343432,2025-07-14 09:50:02.500000,2025-07-14 09:49:50,2025-07-14 09:50:15,102,L,X6ZAEZ001581
190,004500483138511230343432,2025-07-14 09:50:27.500000,2025-07-14 09:50:22,2025-07-14 09:50:33,102,L,X6ZAEZ001850
191,004500483138511230343432,2025-07-14 09:51:16,2025-07-14 09:51:10,2025-07-14 09:51:22,102,L,X6ZAEZ001495
192,004500483138511230343432,2025-07-14 09:51:37,2025-07-14 09:51:32,2025-07-14 09:51:42,102,L,X6ZAEZ002272
194,004500483138511230343432,2025-07-14 09:52:09,2025-07-14 09:52:03,2025-07-14 09:52:15,102,L,X6ZAEZ002341
287,004500483138511230343432,2025-07-14 11:03:36.500000,2025-07-14 11:03:31,2025-07-14 11:03:42,102,L,
289,004500483138511230343432,2025-07-14 11:07:11,2025-07-14 11:06:59,2025-07-14 11:07:23,102,L,
292,004500483138511230343432,2025-07-14 11:08:58,2025-07-14 11:08:54,2025-07-14 11:09:02,102,L,
301,004500483138511230343432,2025-07-14 11:16:15,2025-07-14 11:16:10,2025-07-14 11:16:20,102,L,
303,004500483138511230343432,2025-07-14 11:17:30,2025-07-14 11:17:24,2025-07-14 11:17:36,102,L,
305,004500483138511230343432,2025-07-14 11:17:46,2025-07-14 11:17:42,2025-07-14 11:17:50,102,L,
307,004500483138511230343432,2025-07-14 11:19:59.500000,2025-07-14 11:19:55,2025-07-14 11:20:04,102,L,
309,004500483138511230343432,2025-07-14 11:22:03.500000,2025-07-14 11:21:59,2025-07-14 11:22:08,102,L,
310,004500483138511230343432,2025-07-14 11:22:19.500000,2025-07-14 11:22:15,2025-07-14 11:22:24,102,L,
313,004500483138511230343432,2025-07-14 11:24:15,2025-07-14 11:24:10,2025-07-14 11:24:20,102,L,
314,004500483138511230343432,2025-07-14 11:26:29,2025-07-14 11:26:21,2025-07-14 11:26:37,102,L,X6ZAEZ002422
315,004500483138511230343432,2025-07-14 11:29:14,2025-07-14 11:29:04,2025-07-14 11:29:24,102,L,
317,004500483138511230343432,2025-07-14 11:30:06.500000,2025-07-14 11:30:02,2025-07-14 11:30:11,102,L,
318,004500483138511230343432,2025-07-14 11:30:22.500000,2025-07-14 11:30:18,2025-07-14 11:30:27,102,L,
321,004500483138511230343432,2025-07-14 11:31:21.500000,2025-07-14 11:31:17,2025-07-14 11:31:26,102,L,
323,004500483138511230343432,2025-07-14 11:33:02.500000,2025-07-14 11:32:58,2025-07-14 11:33:07,102,L,X6ZAEZ000944
325,004500483138511230343432,2025-07-14 11:34:27,2025-07-14 11:34:20,2025-07-14 11:34:34,102,L,
326,004500483138511230343432,2025-07-14 11:35:18.500000,2025-07-14 11:35:13,2025-07-14 11:35:24,102,L,
327,004500483138511230343432,2025-07-14 11:37:11.500000,2025-07-14 11:37:00,2025-07-14 11:37:23,102,L,X6ZAEZ002435
333,004500483138511230343432,2025-07-14 11:41:14.500000,2025-07-14 11:41:08,2025-07-14 11:41:21,102,L,X6ZAEZ002173
334,004500483138511230343432,2025-07-14 11:41:35,2025-07-14 11:41:29,2025-07-14 11:41:41,102,L,
336,004500483138511230343432,2025-07-14 11:42:32,2025-07-14 11:42:23,2025-07-14 11:42:41,102,L,X6ZAEZ002468
337,004500483138511230343432,2025-07-14 11:43:30.500000,2025-07-14 11:43:19,2025-07-14 11:43:42,102,L,
338,004500483138511230343432,2025-07-14 11:45:27.500000,2025-07-14 11:45:22,2025-07-14 11:45:33,102,L,
339,004500483138511230343432,2025-07-14 11:46:43.500000,2025-07-14 11:46:19,2025-07-14 11:47:08,102,L,X6ZAEZ002362
340,004500483138511230343432,2025-07-14 11:47:38,2025-07-14 11:47:34,2025-07-14 11:47:42,102,L,
341,004500483138511230343432,2025-07-14 11:49:04.500000,2025-07-14 11:48:49,2025-07-14 11:49:20,102,L,X6ZAEZ000007
342,004500483138511230343432,2025-07-14 11:49:43.500000,2025-07-14 11:49:30,2025-07-14 11:49:57,102,L,X6ZAEZ002459
343,004500483138511230343432,2025-07-14 11:50:23.500000,2025-07-14 11:50:14,2025-07-14 11:50:33,102,L,X6ZAEZ001541
344,004500483138511230343432,2025-07-14 11:50:49.500000,2025-07-14 11:50:44,2025-07-14 11:50:55,102,L,X6ZAEZ002351
345,004500483138511230343432,2025-07-14 11:51:29,2025-07-14 11:51:15,2025-07-14 11:51:43,102,L,X6ZAEZ001408
346,004500483138511230343432,2025-07-14 11:52:03,2025-07-14 11:51:53,2025-07-14 11:52:13,102,L,X6ZAEZ002453
347,004500483138511230343432,2025-07-14 11:53:28.500000,2025-07-14 11:53:24,2025-07-14 11:53:33,102,L,
349,004500483138511230343432,2025-07-14 11:53:53.500000,2025-07-14 11:53:49,2025-07-14 11:53:58,102,L,
351,004500483138511230343432,2025-07-14 11:56:21,2025-07-14 11:56:17,2025-07-14 11:56:25,102,L,
353,004500483138511230343432,2025-07-14 11:57:33,2025-07-14 11:57:28,2025-07-14 11:57:38,102,L,
355,004500483138511230343432,2025-07-14 11:59:00.500000,2025-07-14 11:58:53,2025-07-14 11:59:08,102,L,X6ZAEZ001675
357,004500483138511230343432,2025-07-14 11:59:49,2025-07-14 11:59:43,2025-07-14 11:59:55,102,L,
195,004500483138511230343432,2025-07-14 12:01:04,2025-07-14 12:01:00,2025-07-14 12:01:08,102,L,
197,004500483138511230343432,2025-07-14 12:01:37.500000,2025-07-14 12:01:33,2025-07-14 12:01:42,102,L,
198,004500483138511230343432,2025-07-14 12:02:10,2025-07-14 12:02:01,2025-07-14 12:02:19,102,L,
199,004500483138511230343432,2025-07-14 12:02:42,2025-07-14 12:02:36,2025-07-14 12:02:48,102,L,
201,004500483138511230343432,2025-07-14 12:04:03.500000,2025-07-14 12:03:56,2025-07-14 12:04:11,102,L,
203,004500483138511230343432,2025-07-14 12:04:44.500000,2025-07-14 12:04:40,2025-07-14 12:04:49,102,L,
204,004500483138511230343432,2025-07-14 12:05:32.500000,2025-07-14 12:05:28,2025-07-14 12:05:37,102,L,
205,004500483138511230343432,2025-07-14 12:06:02,2025-07-14 12:05:56,2025-07-14 12:06:08,102,L,
206,004500483138511230343432,2025-07-14 12:08:12.500000,2025-07-14 12:08:03,2025-07-14 12:08:22,102,L,X6ZAEZ002498
207,004500483138511230343432,2025-07-14 12:08:32,2025-07-14 12:08:27,2025-07-14 12:08:37,102,L,
208,004500483138511230343432,2025-07-14 12:09:41,2025-07-14 12:09:37,2025-07-14 12:09:45,102,L,
211,004500483138511230343432,2025-07-14 12:10:44.500000,2025-07-14 12:10:40,2025-07-14 12:10:49,102,L,
212,004500483138511230343432,2025-07-14 12:11:02,2025-07-14 12:10:55,2025-07-14 12:11:09,102,L,
213,004500483138511230343432,2025-07-14 12:12:12,2025-07-14 12:12:02,2025-07-14 12:12:22,102,L,
214,004500483138511230343432,2025-07-14 12:12:33.500000,2025-07-14 12:12:28,2025-07-14 12:12:39,102,L,
215,004500483138511230343432,2025-07-14 12:12:56,2025-07-14 12:12:50,2025-07-14 12:13:02,102,L,
217,004500483138511230343432,2025-07-14 12:13:43.500000,2025-07-14 12:13:39,2025-07-14 12:13:48,102,L,
219,004500483138511230343432,2025-07-14 12:14:50,2025-07-14 12:14:45,2025-07-14 12:14:55,102,L,
221,004500483138511230343432,2025-07-14 12:15:04.500000,2025-07-14 12:15:00,2025-07-14 12:15:09,102,L,
222,004500483138511230343432,2025-07-14 12:15:40,2025-07-14 12:15:29,2025-07-14 12:15:51,102,L,X6ZAEZ001181
223,004500483138511230343432,2025-07-14 12:16:05.500000,2025-07-14 12:15:59,2025-07-14 12:16:12,102,L,X6ZAEZ001084
224,004500483138511230343432,2025-07-14 12:16:44.500000,2025-07-14 12:16:40,2025-07-14 12:16:49,102,L,
226,004500483138511230343432,2025-07-14 12:17:00,2025-07-14 12:16:56,2025-07-14 12:17:04,102,L,
240,004500483138511230343432,2025-07-14 12:18:14.500000,2025-07-14 12:17:57,2025-07-14 12:18:32,102,L,X6ZAEZ002449
229,004500483138511230343432,2025-07-14 12:19:32.500000,2025-07-14 12:19:27,2025-07-14 12:19:38,102,L,
230,004500483138511230343432,2025-07-14 12:20:40,2025-07-14 12:20:27,2025-07-14 12:20:53,102,L,
231,004500483138511230343432,2025-07-14 12:21:21,2025-07-14 12:21:09,2025-07-14 12:21:33,102,L,
232,004500483138511230343432,2025-07-14 12:22:34.500000,2025-07-14 12:22:29,2025-07-14 12:22:40,102,L,
233,004500483138511230343432,2025-07-14 12:23:21.500000,2025-07-14 12:23:11,2025-07-14 12:23:32,102,L,
234,004500483138511230343432,2025-07-14 12:23:46,2025-07-14 12:23:41,2025-07-14 12:23:51,102,L,
235,004500483138511230343432,2025-07-14 12:24:55.500000,2025-07-14 12:24:51,2025-07-14 12:25:00,102,L,
238,004500483138511230343432,2025-07-14 12:25:18.500000,2025-07-14 12:25:14,2025-07-14 12:25:23,102,L,
239,004500483138511230343432,2025-07-14 12:26:43.500000,2025-07-14 12:26:35,2025-07-14 12:26:52,102,L,X6ZAEZ000752
242,004500483138511230343432,2025-07-14 13:11:33,2025-07-14 13:11:29,2025-07-14 13:11:37,102,L,
244,004500483138511230343432,2025-07-14 13:12:01,2025-07-14 13:11:52,2025-07-14 13:12:10,102,L,
88,004500483138511230343432,2025-07-14 06:27:19.500000,2025-07-14 06:27:09,2025-07-14 06:27:30,102,R,X6ZAEZ001924
89,004500483138511230343432,2025-07-14 06:27:49.500000,2025-07-14 06:27:42,2025-07-14 06:27:57,102,R,X6ZAEZ000047
90,0029004B3433511230353832,2025-07-14 06:28:45.500000,2025-07-14 06:28:39,2025-07-14 06:28:52,102,R,X6ZABZ006728
91,004500483138511230343432,2025-07-14 06:32:49.500000,2025-07-14 06:32:39,2025-07-14 06:33:00,102,R,X6ZAEZ001505
92,004500483138511230343432,2025-07-14 06:33:36.500000,2025-07-14 06:33:13,2025-07-14 06:34:00,102,R,X6ZAEZ002446
94,0029004B3433511230353832,2025-07-14 06:39:05.500000,2025-07-14 06:39:00,2025-07-14 06:39:11,102,R,X6ZABZ006596
95,0029004B3433511230353832,2025-07-14 06:39:52,2025-07-14 06:39:48,2025-07-14 06:39:56,102,R,X6ZABZ005442
97,0029004B3433511230353832,2025-07-14 06:40:32.500000,2025-07-14 06:40:23,2025-07-14 06:40:42,102,R,X6ZADZ001125
98,0029004B3433511230353832,2025-07-14 06:44:15,2025-07-14 06:44:11,2025-07-14 06:44:19,102,R,X6ZABZ005399
99,004500483138511230343432,2025-07-14 06:48:56,2025-07-14 06:48:47,2025-07-14 06:49:05,102,R,X6ZAEZ002164
100,004500483138511230343432,2025-07-14 06:49:26.500000,2025-07-14 06:49:13,2025-07-14 06:49:40,102,R,X6ZAEZ002117
101,0029004B3433511230353832,2025-07-14 06:55:08,2025-07-14 06:55:04,2025-07-14 06:55:12,102,R,X6ZADZ001011
103,0029004B3433511230353832,2025-07-14 06:55:21.500000,2025-07-14 06:55:17,2025-07-14 06:55:26,102,R,X6ZADZ000968
104,004500483138511230343432,2025-07-14 06:58:31,2025-07-14 06:58:24,2025-07-14 06:58:38,102,R,X6ZAEZ001475
105,004500483138511230343432,2025-07-14 06:58:57,2025-07-14 06:58:46,2025-07-14 06:59:08,102,R,X6ZAEZ002495
245,004500483138511230343432,2025-07-14 07:00:51,2025-07-14 07:00:41,2025-07-14 07:01:01,102,R,X6ZAEZ002321
246,004500483138511230343432,2025-07-14 07:01:25,2025-07-14 07:01:12,2025-07-14 07:01:38,102,R,X6ZAEZ002398
247,004500483138511230343432,2025-07-14 07:02:47.500000,2025-07-14 07:02:34,2025-07-14 07:03:01,102,R,X6ZAEZ002375
248,004500483138511230343432,2025-07-14 07:03:14.500000,2025-07-14 07:03:09,2025-07-14 07:03:20,102,R,X6ZAEZ002198
249,004500483138511230343432,2025-07-14 07:04:09.500000,2025-07-14 07:03:59,2025-07-14 07:04:20,102,R,X6ZAEZ002462
250,004500483138511230343432,2025-07-14 07:04:35,2025-07-14 07:04:28,2025-07-14 07:04:42,102,R,X6ZAEZ002212
251,004500483138511230343432,2025-07-14 07:05:57.500000,2025-07-14 07:05:43,2025-07-14 07:06:12,102,R,X6ZAEZ002203
252,004500483138511230343432,2025-07-14 07:06:28.500000,2025-07-14 07:06:19,2025-07-14 07:06:38,102,R,X6ZAEZ001027
253,004500483138511230343432,2025-07-14 07:07:03.500000,2025-07-14 07:06:50,2025-07-14 07:07:17,102,R,X6ZAEZ002349
255,004500483138511230343432,2025-07-14 07:12:27,2025-07-14 07:12:16,2025-07-14 07:12:38,102,R,X6ZAEZ002581
257,004500483138511230343432,2025-07-14 07:13:18,2025-07-14 07:13:13,2025-07-14 07:13:23,102,R,X6ZAEZ001381
259,0029004B3433511230353832,2025-07-14 07:13:46.500000,2025-07-14 07:13:37,2025-07-14 07:13:56,102,R,X6ZADZ001368
260,0029004B3433511230353832,2025-07-14 07:14:37.500000,2025-07-14 07:14:31,2025-07-14 07:14:44,102,R,X6ZADZ001321
262,004500483138511230343432,2025-07-14 07:15:28,2025-07-14 07:15:17,2025-07-14 07:15:39,102,R,X6ZAEZ002657
263,0029004B3433511230353832,2025-07-14 07:16:14,2025-07-14 07:16:10,2025-07-14 07:16:18,102,R,X6ZADZ001364
264,0029004B3433511230353832,2025-07-14 07:18:13,2025-07-14 07:18:08,2025-07-14 07:18:18,102,R,X6ZAFZ001330
265,0029004B3433511230353832,2025-07-14 07:18:44.500000,2025-07-14 07:18:40,2025-07-14 07:18:49,102,R,X6ZABZ005132
267,004500483138511230343432,2025-07-14 07:19:37,2025-07-14 07:19:27,2025-07-14 07:19:47,102,R,X6ZAEZ002367
268,004500483138511230343432,2025-07-14 07:20:00,2025-07-14 07:19:55,2025-07-14 07:20:05,102,R,X6ZAEZ002204
269,004500483138511230343432,2025-07-14 07:20:24.500000,2025-07-14 07:20:17,2025-07-14 07:20:32,102,R,X6ZAEZ002315
270,004500483138511230343432,2025-07-14 07:21:38.500000,2025-07-14 07:21:31,2025-07-14 07:21:46,102,R,X6ZAEZ002465
271,004500483138511230343432,2025-07-14 07:22:02,2025-07-14 07:21:55,2025-07-14 07:22:09,102,R,X6ZAEZ002294
272,004500483138511230343432,2025-07-14 07:22:20,2025-07-14 07:22:14,2025-07-14 07:22:26,102,R,X6ZAEZ002410
273,004500483138511230343432,2025-07-14 07:22:40,2025-07-14 07:22:34,2025-07-14 07:22:46,102,R,X6ZAEZ002324
274,004500483138511230343432,2025-07-14 07:23:21,2025-07-14 07:23:14,2025-07-14 07:23:28,102,R,X6ZAEZ002469
275,004500483138511230343432,2025-07-14 07:23:41.500000,2025-07-14 07:23:35,2025-07-14 07:23:48,102,R,X6ZAEZ002401
276,004500483138511230343432,2025-07-14 07:24:04.500000,2025-07-14 07:23:53,2025-07-14 07:24:16,102,R,X6ZAEZ002357
277,004500483138511230343432,2025-07-14 07:25:15,2025-07-14 07:25:05,2025-07-14 07:25:25,102,R,X6ZAEZ002403
279,0029004B3433511230353832,2025-07-14 07:26:35.500000,2025-07-14 07:26:31,2025-07-14 07:26:40,102,R,X6ZAFZ000614
281,0029004B3433511230353832,2025-07-14 07:27:06,2025-07-14 07:27:02,2025-07-14 07:27:10,102,R,X6ZAFZ001372
282,0029004B3433511230353832,2025-07-14 07:27:32.500000,2025-07-14 07:27:29,2025-07-14 07:27:36,102,R,X6ZADZ001357
283,0029004B3433511230353832,2025-07-14 07:28:02.500000,2025-07-14 07:27:58,2025-07-14 07:28:07,102,R,X6ZABZ005180
284,0029004B3433511230353832,2025-07-14 07:28:17,2025-07-14 07:28:13,2025-07-14 07:28:21,102,R,X6ZABZ005179
285,0029004B3433511230353832,2025-07-14 07:29:30.500000,2025-07-14 07:29:27,2025-07-14 07:29:34,102,R,X6ZAFZ000604
0,004500483138511230343432,2025-07-14 07:43:45,2025-07-14 07:43:39,2025-07-14 07:43:51,102,R,X6ZAEZ002395
1,004500483138511230343432,2025-07-14 07:44:10.500000,2025-07-14 07:43:58,2025-07-14 07:44:23,102,R,X6ZAEZ002414
2,004500483138511230343432,2025-07-14 07:44:38,2025-07-14 07:44:32,2025-07-14 07:44:44,102,R,X6ZAEZ002355
3,004500483138511230343432,2025-07-14 07:45:35,2025-07-14 07:45:28,2025-07-14 07:45:42,102,R,X6ZAKZ000055
5,0029004B3433511230353832,2025-07-14 07:46:14,2025-07-14 07:46:10,2025-07-14 07:46:18,102,R,X6ZAFZ002076
6,0029004B3433511230353832,2025-07-14 07:47:02,2025-07-14 07:46:58,2025-07-14 07:47:06,102,R,X6ZABZ005118
7,0029004B3433511230353832,2025-07-14 07:48:12,2025-07-14 07:48:08,2025-07-14 07:48:16,102,R,X6ZADZ001282
8,0029004B3433511230353832,2025-07-14 07:49:08,2025-07-14 07:49:02,2025-07-14 07:49:14,102,R,X6ZABZ005022
9,004500483138511230343432,2025-07-14 07:49:31,2025-07-14 07:49:20,2025-07-14 07:49:42,102,R,X6ZAEZ002191
10,004500483138511230343432,2025-07-14 07:49:53,2025-07-14 07:49:48,2025-07-14 07:49:58,102,R,X6ZAEZ002322
11,004500483138511230343432,2025-07-14 07:51:05.500000,2025-07-14 07:50:57,2025-07-14 07:51:14,102,R,X6ZAEZ001335
14,004500483138511230343432,2025-07-14 07:53:19.500000,2025-07-14 07:53:06,2025-07-14 07:53:33,102,R,X6ZAEZ001333
15,004500483138511230343432,2025-07-14 07:53:45.500000,2025-07-14 07:53:38,2025-07-14 07:53:53,102,R,X6ZAEZ001334
16,0029004B3433511230353832,2025-07-14 07:55:35.500000,2025-07-14 07:55:32,2025-07-14 07:55:39,102,R,X6ZABZ005891
17,0029004B3433511230353832,2025-07-14 07:56:09.500000,2025-07-14 07:56:05,2025-07-14 07:56:14,102,R,X6ZABZ006651
23,0029004B3433511230353832,2025-07-14 07:58:48,2025-07-14 07:58:44,2025-07-14 07:58:52,102,R,X6ZADZ001286
24,004500483138511230343432,2025-07-14 08:00:30,2025-07-14 08:00:20,2025-07-14 08:00:40,102,R,X6ZAEZ002314
25,004500483138511230343432,2025-07-14 08:00:58,2025-07-14 08:00:52,2025-07-14 08:01:04,102,R,X6ZAEZ002444
26,004500483138511230343432,2025-07-14 08:01:25,2025-07-14 08:01:15,2025-07-14 08:01:35,102,R,X6ZAEZ000008
27,0029004B3433511230353832,2025-07-14 08:03:10.500000,2025-07-14 08:03:06,2025-07-14 08:03:15,102,R,X6ZABZ005719
29,004500483138511230343432,2025-07-14 08:04:56.500000,2025-07-14 08:04:37,2025-07-14 08:05:16,102,R,X6ZAEZ002301
30,004500483138511230343432,2025-07-14 08:05:55.500000,2025-07-14 08:05:50,2025-07-14 08:06:01,102,R,X6ZAEZ002437
31,0029004B3433511230353832,2025-07-14 08:07:23.500000,2025-07-14 08:07:19,2025-07-14 08:07:28,102,R,X6ZABZ005541
33,0029004B3433511230353832,2025-07-14 08:07:55,2025-07-14 08:07:50,2025-07-14 08:08:00,102,R,X6ZABZ005510
36,0029004B3433511230353832,2025-07-14 08:10:55,2025-07-14 08:10:51,2025-07-14 08:10:59,102,R,X6ZADZ001576
37,004500483138511230343432,2025-07-14 08:12:47,2025-07-14 08:12:42,2025-07-14 08:12:52,102,R,X6ZAEO000009
38,004500483138511230343432,2025-07-14 08:14:44,2025-07-14 08:14:33,2025-07-14 08:14:55,102,R,X6ZAEO000014
39,004500483138511230343432,2025-07-14 08:15:17.500000,2025-07-14 08:15:06,2025-07-14 08:15:29,102,R,X6ZAEO000006
40,004500483138511230343432,2025-07-14 08:15:42,2025-07-14 08:15:36,2025-07-14 08:15:48,102,R,X6ZAEO000017
41,004500483138511230343432,2025-07-14 08:16:10,2025-07-14 08:15:58,2025-07-14 08:16:22,102,R,X6ZAEO000011
42,004500483138511230343432,2025-07-14 08:18:41.500000,2025-07-14 08:18:37,2025-07-14 08:18:46,102,R,X6ZAKZ000047
43,0029004B3433511230353832,2025-07-14 08:19:17.500000,2025-07-14 08:19:13,2025-07-14 08:19:22,102,R,X6ZADZ001362
44,0029004B3433511230353832,2025-07-14 08:19:42,2025-07-14 08:19:36,2025-07-14 08:19:48,102,R,X6ZAFZ001351
45,0029004B3433511230353832,2025-07-14 08:20:09,2025-07-14 08:20:05,2025-07-14 08:20:13,102,R,X6ZABZ005864
46,0029004B3433511230353832,2025-07-14 08:21:05,2025-07-14 08:21:01,2025-07-14 08:21:09,102,R,X6ZADZ001267
47,0029004B3433511230353832,2025-07-14 08:21:20.500000,2025-07-14 08:21:16,2025-07-14 08:21:25,102,R,X6ZABZ005867
49,004500483138511230343432,2025-07-14 08:26:42,2025-07-14 08:26:30,2025-07-14 08:26:54,102,R,X6ZAEZ002476
50,004500483138511230343432,2025-07-14 08:27:19.500000,2025-07-14 08:27:14,2025-07-14 08:27:25,102,R,X6ZAEZ002352
51,004500483138511230343432,2025-07-14 08:30:06.500000,2025-07-14 08:30:01,2025-07-14 08:30:12,102,R,X6ZAEZ002327
52,004500483138511230343432,2025-07-14 08:30:33.500000,2025-07-14 08:30:28,2025-07-14 08:30:39,102,R,X6ZAEZ002385
53,004500483138511230343432,2025-07-14 08:30:54.500000,2025-07-14 08:30:49,2025-07-14 08:31:00,102,R,X6ZAEZ002436
54,004500483138511230343432,2025-07-14 08:31:15.500000,2025-07-14 08:31:10,2025-07-14 08:31:21,102,R,X6ZAEZ002346
55,004500483138511230343432,2025-07-14 08:33:06.500000,2025-07-14 08:33:01,2025-07-14 08:33:12,102,R,X6ZAEZ002182
56,004500483138511230343432,2025-07-14 08:33:23,2025-07-14 08:33:18,2025-07-14 08:33:28,102,R,X6ZAEZ002739
57,004500483138511230343432,2025-07-14 08:34:33,2025-07-14 08:34:27,2025-07-14 08:34:39,102,R,X6ZAEZ002159
58,004500483138511230343432,2025-07-14 08:35:55,2025-07-14 08:35:45,2025-07-14 08:36:05,102,R,X6ZAEZ002157
60,004500483138511230343432,2025-07-14 08:37:45,2025-07-14 08:37:39,2025-07-14 08:37:51,102,R,X6ZAEZ002669
61,004500483138511230343432,2025-07-14 08:38:15.500000,2025-07-14 08:38:09,2025-07-14 08:38:22,102,R,X6ZAEZ002492
62,004500483138511230343432,2025-07-14 08:38:48,2025-07-14 08:38:41,2025-07-14 08:38:55,102,R,X6ZAEZ002482
63,004500483138511230343432,2025-07-14 08:39:39.500000,2025-07-14 08:39:29,2025-07-14 08:39:50,102,R,X6ZAEZ002330
64,004500483138511230343432,2025-07-14 08:41:16.500000,2025-07-14 08:41:10,2025-07-14 08:41:23,102,R,X6ZAEZ002332
65,004500483138511230343432,2025-07-14 08:41:35,2025-07-14 08:41:29,2025-07-14 08:41:41,102,R,X6ZAEZ002496
66,004500483138511230343432,2025-07-14 08:42:45,2025-07-14 08:42:36,2025-07-14 08:42:54,102,R,X6ZAEZ002274
67,004500483138511230343432,2025-07-14 08:43:46,2025-07-14 08:43:37,2025-07-14 08:43:55,102,R,X6ZAEZ002455
68,004500483138511230343432,2025-07-14 08:44:06.500000,2025-07-14 08:44:01,2025-07-14 08:44:12,102,R,X6ZAEZ002156
69,004500483138511230343432,2025-07-14 08:45:46,2025-07-14 08:45:40,2025-07-14 08:45:52,102,R,X6ZAEZ002461
70,004500483138511230343432,2025-07-14 08:46:03.500000,2025-07-14 08:45:58,2025-07-14 08:46:09,102,R,X6ZAEZ002247
71,004500483138511230343432,2025-07-14 08:46:45,2025-07-14 08:46:39,2025-07-14 08:46:51,102,R,X6ZAEZ002304
72,0029004B3433511230353832,2025-07-14 08:47:31,2025-07-14 08:47:25,2025-07-14 08:47:37,102,R,X6ZABZ006153
73,004500483138511230343432,2025-07-14 08:48:31,2025-07-14 08:48:22,2025-07-14 08:48:40,102,R,X6ZAEZ002409
74,004500483138511230343432,2025-07-14 08:48:54,2025-07-14 08:48:48,2025-07-14 08:49:00,102,R,X6ZAEZ002347
75,004500483138511230343432,2025-07-14 08:49:12.500000,2025-07-14 08:49:07,2025-07-14 08:49:18,102,R,X6ZAEZ002335
76,004500483138511230343432,2025-07-14 08:50:43.500000,2025-07-14 08:50:37,2025-07-14 08:50:50,102,R,X6ZAEZ002270
77,004500483138511230343432,2025-07-14 08:51:08,2025-07-14 08:51:02,2025-07-14 08:51:14,102,R,X6ZAEZ000021
78,004500483138511230343432,2025-07-14 08:51:44,2025-07-14 08:51:38,2025-07-14 08:51:50,102,R,X6ZAEZ002183
79,004500483138511230343432,2025-07-14 08:52:31,2025-07-14 08:52:19,2025-07-14 08:52:43,102,R,X6ZAEZ000911
80,004500483138511230343432,2025-07-14 08:53:27,2025-07-14 08:53:22,2025-07-14 08:53:32,102,R,X6ZAEZ002497
81,004500483138511230343432,2025-07-14 08:54:50.500000,2025-07-14 08:54:39,2025-07-14 08:55:02,102,R,X6ZAEZ002170
82,004500483138511230343432,2025-07-14 08:56:14,2025-07-14 08:56:06,2025-07-14 08:56:22,102,R,X6ZAEZ002129
84,004500483138511230343432,2025-07-14 08:56:46.500000,2025-07-14 08:56:37,2025-07-14 08:56:56,102,R,X6ZAEZ002313
85,0029004B3433511230353832,2025-07-14 08:57:32,2025-07-14 08:57:28,2025-07-14 08:57:36,102,R,X6ZADZ001393
86,004500483138511230343432,2025-07-14 08:58:17.500000,2025-07-14 08:58:12,2025-07-14 08:58:23,102,R,X6ZAEZ002317
87,004500483138511230343432,2025-07-14 08:59:53.500000,2025-07-14 08:59:42,2025-07-14 09:00:05,102,R,X6ZAEZ002487
106,004500483138511230343432,2025-07-14 09:01:06.500000,2025-07-14 09:01:00,2025-07-14 09:01:13,102,R,X6ZAEZ002302
107,004500483138511230343432,2025-07-14 09:01:55.500000,2025-07-14 09:01:31,2025-07-14 09:02:20,102,R,X6ZAEZ002360
108,0029004B3433511230353832,2025-07-14 09:03:33.500000,2025-07-14 09:02:56,2025-07-14 09:04:11,102,R,X6ZADZ001434
109,0029004B3433511230353832,2025-07-14 09:04:53.500000,2025-07-14 09:04:49,2025-07-14 09:04:58,102,R,X6ZABZ005622
111,004500483138511230343432,2025-07-14 09:05:51,2025-07-14 09:05:45,2025-07-14 09:05:57,102,R,X6ZAEZ002438
112,004500483138511230343432,2025-07-14 09:06:14.500000,2025-07-14 09:06:08,2025-07-14 09:06:21,102,R,X6ZAEZ002325
113,004500483138511230343432,2025-07-14 09:06:37,2025-07-14 09:06:31,2025-07-14 09:06:43,102,R,X6ZAKZ000035
114,004500483138511230343432,2025-07-14 09:07:35.500000,2025-07-14 09:07:30,2025-07-14 09:07:41,102,R,X6ZAEZ001560
115,004500483138511230343432,2025-07-14 09:08:05,2025-07-14 09:07:53,2025-07-14 09:08:17,102,R,X6ZAEZ002432
116,0029004B3433511230353832,2025-07-14 09:08:51,2025-07-14 09:08:46,2025-07-14 09:08:56,102,R,X6ZAFZ000590
117,004500483138511230343432,2025-07-14 09:09:28.500000,2025-07-14 09:09:22,2025-07-14 09:09:35,102,R,X6ZAEZ001567
118,0029004B3433511230353832,2025-07-14 09:10:13,2025-07-14 09:10:09,2025-07-14 09:10:17,102,R,X6ZADZ000970
120,004500483138511230343432,2025-07-14 09:13:28,2025-07-14 09:13:22,2025-07-14 09:13:34,102,R,X6ZAEZ000922
121,0029004B3433511230353832,2025-07-14 09:14:41,2025-07-14 09:14:37,2025-07-14 09:14:45,102,R,X6ZADZ000914
123,0029004B3433511230353832,2025-07-14 09:15:39,2025-07-14 09:15:28,2025-07-14 09:15:50,102,R,X6ZACZ001719
128,0029004B3433511230353832,2025-07-14 09:18:11,2025-07-14 09:18:06,2025-07-14 09:18:16,102,R,X6ZABZ006024
129,004500483138511230343432,2025-07-14 09:18:52,2025-07-14 09:18:34,2025-07-14 09:19:10,102,R,X6ZAEZ002499
130,004500483138511230343432,2025-07-14 09:20:06.500000,2025-07-14 09:20:00,2025-07-14 09:20:13,102,R,X6ZAEZ002766
131,004500483138511230343432,2025-07-14 09:21:11,2025-07-14 09:21:06,2025-07-14 09:21:16,102,R,X6ZAEZ000940
133,0029004B3433511230353832,2025-07-14 09:22:43,2025-07-14 09:22:39,2025-07-14 09:22:47,102,R,X6ZAFZ002047
137,0029004B3433511230353832,2025-07-14 09:24:19,2025-07-14 09:24:14,2025-07-14 09:24:24,102,R,X6ZAFZ001378
139,0029004B3433511230353832,2025-07-14 09:24:53,2025-07-14 09:24:49,2025-07-14 09:24:57,102,R,X6ZABZ005290
140,004500483138511230343432,2025-07-14 09:25:26.500000,2025-07-14 09:25:21,2025-07-14 09:25:32,102,R,X6ZAEZ000942
141,004500483138511230343432,2025-07-14 09:26:24,2025-07-14 09:26:18,2025-07-14 09:26:30,102,R,X6ZAEZ002379
142,004500483138511230343432,2025-07-14 09:26:42,2025-07-14 09:26:36,2025-07-14 09:26:48,102,R,X6ZAEZ002309
143,0029004B3433511230353832,2025-07-14 09:27:05,2025-07-14 09:27:00,2025-07-14 09:27:10,102,R,X6ZABZ005968
145,0029004B3433511230353832,2025-07-14 09:27:19,2025-07-14 09:27:15,2025-07-14 09:27:23,102,R,X6ZABZ006151
147,0029004B3433511230353832,2025-07-14 09:28:22.500000,2025-07-14 09:28:18,2025-07-14 09:28:27,102,R,X6ZACZ000624
149,0029004B3433511230353832,2025-07-14 09:29:28,2025-07-14 09:29:24,2025-07-14 09:29:32,102,R,X6ZADZ001436
150,0029004B3433511230353832,2025-07-14 09:30:00,2025-07-14 09:29:51,2025-07-14 09:30:09,102,R,X6ZACZ001844
152,0029004B3433511230353832,2025-07-14 09:30:42,2025-07-14 09:30:38,2025-07-14 09:30:46,102,R,X6ZABZ005565
153,0029004B3433511230353832,2025-07-14 09:30:57,2025-07-14 09:30:52,2025-07-14 09:31:02,102,R,X6ZABZ006195
155,0029004B3433511230353832,2025-07-14 09:31:33.500000,2025-07-14 09:31:29,2025-07-14 09:31:38,102,R,X6ZABZ005566
157,0029004B3433511230353832,2025-07-14 09:31:47,2025-07-14 09:31:43,2025-07-14 09:31:51,102,R,X6ZABZ005588
158,004500483138511230343432,2025-07-14 09:34:12.500000,2025-07-14 09:34:07,2025-07-14 09:34:18,102,R,X6ZAKZ000028
159,004500483138511230343432,2025-07-14 09:34:29.500000,2025-07-14 09:34:23,2025-07-14 09:34:36,102,R,X6ZAEZ001534
160,004500483138511230343432,2025-07-14 09:35:08,2025-07-14 09:35:02,2025-07-14 09:35:14,102,R,X6ZAEZ002381
163,0029004B3433511230353832,2025-07-14 09:36:17,2025-07-14 09:36:13,2025-07-14 09:36:21,102,R,X6ZADZ000960
164,004500483138511230343432,2025-07-14 09:37:33.500000,2025-07-14 09:37:22,2025-07-14 09:37:45,102,R,X6ZAEZ002431
165,0029004B3433511230353832,2025-07-14 09:38:11,2025-07-14 09:38:07,2025-07-14 09:38:15,102,R,X6ZABZ005318
166,0029004B3433511230353832,2025-07-14 09:38:34.500000,2025-07-14 09:38:29,2025-07-14 09:38:40,102,R,X6ZACZ000854
169,0029004B3433511230353832,2025-07-14 09:39:25,2025-07-14 09:39:21,2025-07-14 09:39:29,102,R,X6ZADZ000952
170,004500483138511230343432,2025-07-14 09:39:45.500000,2025-07-14 09:39:40,2025-07-14 09:39:51,102,R,X6ZAEZ000934
171,004500483138511230343432,2025-07-14 09:40:07.500000,2025-07-14 09:40:02,2025-07-14 09:40:13,102,R,X6ZAEZ001559
172,004500483138511230343432,2025-07-14 09:40:52,2025-07-14 09:40:48,2025-07-14 09:40:56,102,R,X6ZAEZ001500
173,0029004B3433511230353832,2025-07-14 09:41:21,2025-07-14 09:41:17,2025-07-14 09:41:25,102,R,X6ZADZ000972
175,0029004B3433511230353832,2025-07-14 09:41:40,2025-07-14 09:41:36,2025-07-14 09:41:44,102,R,X6ZADZ000963
177,0029004B3433511230353832,2025-07-14 09:41:56,2025-07-14 09:41:52,2025-07-14 09:42:00,102,R,X6ZADZ000984
178,0029004B3433511230353832,2025-07-14 09:42:12.500000,2025-07-14 09:42:08,2025-07-14 09:42:17,102,R,X6ZADZ000971
179,004500483138511230343432,2025-07-14 09:42:58.500000,2025-07-14 09:42:53,2025-07-14 09:43:04,102,R,X6ZAEZ002423
180,004500483138511230343432,2025-07-14 09:43:26,2025-07-14 09:43:20,2025-07-14 09:43:32,102,R,X6ZAEZ001547
182,004500483138511230343432,2025-07-14 09:45:01.500000,2025-07-14 09:44:56,2025-07-14 09:45:07,102,R,X6ZAEZ001580
183,004500483138511230343432,2025-07-14 09:45:42.500000,2025-07-14 09:45:38,2025-07-14 09:45:47,102,R,X6ZAEZ001506
184,004500483138511230343432,2025-07-14 09:46:27,2025-07-14 09:46:16,2025-07-14 09:46:38,102,R,X6ZAEZ001545
186,0029004B3433511230353832,2025-07-14 09:47:24,2025-07-14 09:47:20,2025-07-14 09:47:28,102,R,X6ZABZ001035
187,004500483138511230343432,2025-07-14 09:47:59.500000,2025-07-14 09:47:54,2025-07-14 09:48:05,102,R,X6ZAKZ000040
188,004500483138511230343432,2025-07-14 09:48:58.500000,2025-07-14 09:48:34,2025-07-14 09:49:23,102,R,X6ZAEZ001573
189,004500483138511230343432,2025-07-14 09:50:02.500000,2025-07-14 09:49:50,2025-07-14 09:50:15,102,R,X6ZAEZ001581
190,004500483138511230343432,2025-07-14 09:50:27.500000,2025-07-14 09:50:22,2025-07-14 09:50:33,102,R,X6ZAEZ001850
191,004500483138511230343432,2025-07-14 09:51:16,2025-07-14 09:51:10,2025-07-14 09:51:22,102,R,X6ZAEZ001495
192,004500483138511230343432,2025-07-14 09:51:37,2025-07-14 09:51:32,2025-07-14 09:51:42,102,R,X6ZAEZ002272
194,004500483138511230343432,2025-07-14 09:52:09,2025-07-14 09:52:03,2025-07-14 09:52:15,102,R,X6ZAEZ002341
287,004500483138511230343432,2025-07-14 11:03:36.500000,2025-07-14 11:03:31,2025-07-14 11:03:42,102,R,
288,0029004B3433511230353832,2025-07-14 11:07:03.500000,2025-07-14 11:06:54,2025-07-14 11:07:13,102,R,X6ZACZ001644
290,0029004B3433511230353832,2025-07-14 11:07:54,2025-07-14 11:07:50,2025-07-14 11:07:58,102,R,X6ZADZ000890
291,0029004B3433511230353832,2025-07-14 11:08:53,2025-07-14 11:08:49,2025-07-14 11:08:57,102,R,X6ZADZ000990
293,0029004B3433511230353832,2025-07-14 11:09:52,2025-07-14 11:09:47,2025-07-14 11:09:57,102,R,X6ZABZ005577
294,0029004B3433511230353832,2025-07-14 11:10:26.500000,2025-07-14 11:10:12,2025-07-14 11:10:41,102,R,X6ZABZ005589
295,0029004B3433511230353832,2025-07-14 11:11:11,2025-07-14 11:11:06,2025-07-14 11:11:16,102,R,X6ZABZ005545
296,0029004B3433511230353832,2025-07-14 11:11:54,2025-07-14 11:11:50,2025-07-14 11:11:58,102,R,X6ZACZ001643
297,0029004B3433511230353832,2025-07-14 11:14:27,2025-07-14 11:14:23,2025-07-14 11:14:31,102,R,X6ZADZ001219
298,0029004B3433511230353832,2025-07-14 11:15:14,2025-07-14 11:15:09,2025-07-14 11:15:19,102,R,X6ZABZ003333
299,0029004B3433511230353832,2025-07-14 11:15:43,2025-07-14 11:15:39,2025-07-14 11:15:47,102,R,X6ZABZ003025
300,0029004B3433511230353832,2025-07-14 11:16:13,2025-07-14 11:16:08,2025-07-14 11:16:18,102,R,X6ZABZ003334
302,0029004B3433511230353832,2025-07-14 11:16:46.500000,2025-07-14 11:16:43,2025-07-14 11:16:50,102,R,X6ZAFZ000689
304,0029004B3433511230353832,2025-07-14 11:17:32.500000,2025-07-14 11:17:28,2025-07-14 11:17:37,102,R,X6ZADZ000925
306,0029004B3433511230353832,2025-07-14 11:18:37,2025-07-14 11:18:33,2025-07-14 11:18:41,102,R,X6ZABZ005598
307,004500483138511230343432,2025-07-14 11:19:59.500000,2025-07-14 11:19:55,2025-07-14 11:20:04,102,R,
308,0029004B3433511230353832,2025-07-14 11:20:41,2025-07-14 11:20:37,2025-07-14 11:20:45,102,R,X6ZADZ000898
310,004500483138511230343432,2025-07-14 11:22:19.500000,2025-07-14 11:22:15,2025-07-14 11:22:24,102,R,
311,0029004B3433511230353832,2025-07-14 11:22:55.500000,2025-07-14 11:22:50,2025-07-14 11:23:01,102,R,X6ZABZ005971
312,0029004B3433511230353832,2025-07-14 11:24:01.500000,2025-07-14 11:23:57,2025-07-14 11:24:06,102,R,X6ZADZ001447
313,004500483138511230343432,2025-07-14 11:24:15,2025-07-14 11:24:10,2025-07-14 11:24:20,102,R,
314,004500483138511230343432,2025-07-14 11:26:29,2025-07-14 11:26:21,2025-07-14 11:26:37,102,R,X6ZAEZ002422
316,0029004B3433511230353832,2025-07-14 11:30:06,2025-07-14 11:30:01,2025-07-14 11:30:11,102,R,X6ZABZ005913
358,0029004B3433511230353832,2025-07-14 11:30:31.500000,2025-07-14 11:30:18,2025-07-14 11:30:45,102,R,X6ZACZ001509
320,0029004B3433511230353832,2025-07-14 11:31:11.500000,2025-07-14 11:31:08,2025-07-14 11:31:15,102,R,X6ZABZ005657
322,0029004B3433511230353832,2025-07-14 11:32:28.500000,2025-07-14 11:32:24,2025-07-14 11:32:33,102,R,X6ZABZ005604
323,004500483138511230343432,2025-07-14 11:33:02.500000,2025-07-14 11:32:58,2025-07-14 11:33:07,102,R,X6ZAEZ000944
324,0029004B3433511230353832,2025-07-14 11:34:25.500000,2025-07-14 11:34:18,2025-07-14 11:34:33,102,R,X6ZABZ005592
326,004500483138511230343432,2025-07-14 11:35:18.500000,2025-07-14 11:35:13,2025-07-14 11:35:24,102,R,
327,004500483138511230343432,2025-07-14 11:37:11.500000,2025-07-14 11:37:00,2025-07-14 11:37:23,102,R,X6ZAEZ002435
328,0029004B3433511230353832,2025-07-14 11:37:54.500000,2025-07-14 11:37:50,2025-07-14 11:37:59,102,R,X6ZABZ005972
329,0029004B3433511230353832,2025-07-14 11:38:29,2025-07-14 11:38:25,2025-07-14 11:38:33,102,R,X6ZABZ005580
330,0029004B3433511230353832,2025-07-14 11:39:01.500000,2025-07-14 11:38:56,2025-07-14 11:39:07,102,R,X6ZABZ006095
331,0029004B3433511230353832,2025-07-14 11:39:31,2025-07-14 11:39:21,2025-07-14 11:39:41,102,R,X6ZABZ005547
333,004500483138511230343432,2025-07-14 11:41:14.500000,2025-07-14 11:41:08,2025-07-14 11:41:21,102,R,X6ZAEZ002173
334,004500483138511230343432,2025-07-14 11:41:35,2025-07-14 11:41:29,2025-07-14 11:41:41,102,R,
335,0029004B3433511230353832,2025-07-14 11:42:05.500000,2025-07-14 11:42:01,2025-07-14 11:42:10,102,R,X6ZAFZ001292
336,004500483138511230343432,2025-07-14 11:42:32,2025-07-14 11:42:23,2025-07-14 11:42:41,102,R,X6ZAEZ002468
337,004500483138511230343432,2025-07-14 11:43:30.500000,2025-07-14 11:43:19,2025-07-14 11:43:42,102,R,
338,004500483138511230343432,2025-07-14 11:45:27.500000,2025-07-14 11:45:22,2025-07-14 11:45:33,102,R,
339,004500483138511230343432,2025-07-14 11:46:43.500000,2025-07-14 11:46:19,2025-07-14 11:47:08,102,R,X6ZAEZ002362
341,004500483138511230343432,2025-07-14 11:49:04.500000,2025-07-14 11:48:49,2025-07-14 11:49:20,102,R,X6ZAEZ000007
342,004500483138511230343432,2025-07-14 11:49:43.500000,2025-07-14 11:49:30,2025-07-14 11:49:57,102,R,X6ZAEZ002459
343,004500483138511230343432,2025-07-14 11:50:23.500000,2025-07-14 11:50:14,2025-07-14 11:50:33,102,R,X6ZAEZ001541
344,004500483138511230343432,2025-07-14 11:50:49.500000,2025-07-14 11:50:44,2025-07-14 11:50:55,102,R,X6ZAEZ002351
345,004500483138511230343432,2025-07-14 11:51:29,2025-07-14 11:51:15,2025-07-14 11:51:43,102,R,X6ZAEZ001408
346,004500483138511230343432,2025-07-14 11:52:03,2025-07-14 11:51:53,2025-07-14 11:52:13,102,R,X6ZAEZ002453
348,0029004B3433511230353832,2025-07-14 11:53:34.500000,2025-07-14 11:53:30,2025-07-14 11:53:39,102,R,X6ZABZ005628
350,0029004B3433511230353832,2025-07-14 11:55:14,2025-07-14 11:55:10,2025-07-14 11:55:18,102,R,X6ZABZ004039
352,0029004B3433511230353832,2025-07-14 11:56:58,2025-07-14 11:56:53,2025-07-14 11:57:03,102,R,X6ZABZ005618
354,0029004B3433511230353832,2025-07-14 11:57:39,2025-07-14 11:57:29,2025-07-14 11:57:49,102,R,X6ZACZ001481
355,004500483138511230343432,2025-07-14 11:59:00.500000,2025-07-14 11:58:53,2025-07-14 11:59:08,102,R,X6ZAEZ001675
356,0029004B3433511230353832,2025-07-14 11:59:49,2025-07-14 11:59:43,2025-07-14 11:59:55,102,R,X6ZABZ005955
196,0029004B3433511230353832,2025-07-14 12:01:36,2025-07-14 12:01:32,2025-07-14 12:01:40,102,R,X6ZADZ001456
198,004500483138511230343432,2025-07-14 12:02:10,2025-07-14 12:02:01,2025-07-14 12:02:19,102,R,
199,004500483138511230343432,2025-07-14 12:02:42,2025-07-14 12:02:36,2025-07-14 12:02:48,102,R,
200,0029004B3433511230353832,2025-07-14 12:03:55,2025-07-14 12:03:49,2025-07-14 12:04:01,102,R,X6ZABZ005601
202,0029004B3433511230353832,2025-07-14 12:04:40,2025-07-14 12:04:36,2025-07-14 12:04:44,102,R,X6ZAFZ002191
204,004500483138511230343432,2025-07-14 12:05:32.500000,2025-07-14 12:05:28,2025-07-14 12:05:37,102,R,
205,004500483138511230343432,2025-07-14 12:06:02,2025-07-14 12:05:56,2025-07-14 12:06:08,102,R,
206,004500483138511230343432,2025-07-14 12:08:12.500000,2025-07-14 12:08:03,2025-07-14 12:08:22,102,R,X6ZAEZ002498
207,004500483138511230343432,2025-07-14 12:08:32,2025-07-14 12:08:27,2025-07-14 12:08:37,102,R,
209,0029004B3433511230353832,2025-07-14 12:10:18,2025-07-14 12:10:14,2025-07-14 12:10:22,102,R,X6ZADZ000656
210,0029004B3433511230353832,2025-07-14 12:10:42,2025-07-14 12:10:37,2025-07-14 12:10:47,102,R,X6ZABZ001008
213,004500483138511230343432,2025-07-14 12:12:12,2025-07-14 12:12:02,2025-07-14 12:12:22,102,R,
214,004500483138511230343432,2025-07-14 12:12:33.500000,2025-07-14 12:12:28,2025-07-14 12:12:39,102,R,
215,004500483138511230343432,2025-07-14 12:12:56,2025-07-14 12:12:50,2025-07-14 12:13:02,102,R,
216,0029004B3433511230353832,2025-07-14 12:13:38.500000,2025-07-14 12:13:31,2025-07-14 12:13:46,102,R,X6ZADZ000926
218,0029004B3433511230353832,2025-07-14 12:14:10,2025-07-14 12:14:06,2025-07-14 12:14:14,102,R,X6ZADZ000923
220,0029004B3433511230353832,2025-07-14 12:14:54,2025-07-14 12:14:49,2025-07-14 12:14:59,102,R,X6ZABZ006630
222,004500483138511230343432,2025-07-14 12:15:40,2025-07-14 12:15:29,2025-07-14 12:15:51,102,R,X6ZAEZ001181
223,004500483138511230343432,2025-07-14 12:16:05.500000,2025-07-14 12:15:59,2025-07-14 12:16:12,102,R,X6ZAEZ001084
225,0029004B3433511230353832,2025-07-14 12:16:48,2025-07-14 12:16:44,2025-07-14 12:16:52,102,R,X6ZABZ005570
227,0029004B3433511230353832,2025-07-14 12:17:45,2025-07-14 12:17:40,2025-07-14 12:17:50,102,R,X6ZABZ001515
240,004500483138511230343432,2025-07-14 12:18:14.500000,2025-07-14 12:17:57,2025-07-14 12:18:32,102,R,X6ZAEZ002449
229,004500483138511230343432,2025-07-14 12:19:32.500000,2025-07-14 12:19:27,2025-07-14 12:19:38,102,R,
230,004500483138511230343432,2025-07-14 12:20:40,2025-07-14 12:20:27,2025-07-14 12:20:53,102,R,
231,004500483138511230343432,2025-07-14 12:21:21,2025-07-14 12:21:09,2025-07-14 12:21:33,102,R,
232,004500483138511230343432,2025-07-14 12:22:34.500000,2025-07-14 12:22:29,2025-07-14 12:22:40,102,R,
233,004500483138511230343432,2025-07-14 12:23:21.500000,2025-07-14 12:23:11,2025-07-14 12:23:32,102,R,
234,004500483138511230343432,2025-07-14 12:23:46,2025-07-14 12:23:41,2025-07-14 12:23:51,102,R,
236,0029004B3433511230353832,2025-07-14 12:24:56.500000,2025-07-14 12:24:52,2025-07-14 12:25:01,102,R,X6ZABZ005591
237,0029004B3433511230353832,2025-07-14 12:25:11.500000,2025-07-14 12:25:06,2025-07-14 12:25:17,102,R,X6ZABZ005661
239,004500483138511230343432,2025-07-14 12:26:43.500000,2025-07-14 12:26:35,2025-07-14 12:26:52,102,R,X6ZAEZ000752
241,0029004B3433511230353832,2025-07-14 13:11:32,2025-07-14 13:11:27,2025-07-14 13:11:37,102,R,
243,0029004B3433511230353832,2025-07-14 13:11:52,2025-07-14 13:11:47,2025-07-14 13:11:57,102,R,
